Nome Principal,E-mail,WhatsApp,Lugares,Ônibus,Data Pgto,Passageiros
"Daiane Oltramari","daianeoltramari@yahoo.com.br","11913726889","2","Bus 1","2026-08-21 14:06:32","Daiane Oltramari (daianeoltramari@yahoo.com.br); Alexandre da Silva Santos (alexandres10santos@gmail.com)"
"Eder Bovo Belo","ederbovo@bol.com.br","11916431973","2","Bus 1","2026-08-21 14:13:59","Eder Bovo Belo (ederbovo@bol.com.br); Cíntia Novo Diniz (diniz_cintia@ymail.com)"
"Renan Rodrigues Santos","renanralts1@gmail.com","16993322010","2","Bus 1","2026-08-21 14:14:30","Renan Rodrigues Santos (renanralts1@gmail.com); Raissa Barbosa Bocaneri (bocaneriraissa@gmail.com)"
"Dayton D D Junior","dayton.diniz@gmail.com","11966036603","3","Bus 1","2026-08-21 15:01:00","Dayton D D Junior (dayton.diniz@gmail.com); Mariana Barbosa de Morais (mariana.b.morais@gmail.com); Joyce Harumi Kurita (joycehkurita@gmail.com)"
"Papola Abraham Minc Neves","papolaminc@yahoo.com.br","11972191877","2","Bus 1","2026-08-21 14:48:36","Papola Abraham Minc Neves (papolaminc@yahoo.com.br); Patricia Adriana Gomes"
"Thiago de Rhamnusia Doria","thiago.doria@gmail.com","21999485045","2","Bus 1","2026-08-21 15:54:22","Thiago de Rhamnusia Doria (thiago.doria@gmail.com); Viviane Nascimento Doria (thiago.doria@gmail.com)"
"Samara Nascimento de Toledo","samaralinda274@gmail.com","11995895718","2","Bus 1","2026-08-21 16:08:22","Samara Nascimento de Toledo (samaralinda274@gmail.com); Lilithy Angelina N de Toledo Alonso (lilithyalonso@iclou.com)"
"Antônio Lucas da Silva Loureiro","lucasloureiro0805@gmail.com","85997100714","2","Bus 1","2026-08-21 18:15:41","Antônio Lucas da Silva Loureiro (lucasloureiro0805@gmail.com); Jéssica Bezerra Gadelha (jessica.b.gadelha@gmail.com)"
"Phellipe Ferreira Honorato","phellipehonorato@gmail.com","85996704255","2","Bus 1","2026-08-21 19:48:55","Phellipe Ferreira Honorato (phellipehonorato@gmail.com); Letícia Alves Cavalcante (leticialves.c@gmail.com)"
"Paulo Henrique Estevão de Vasconcelos","paulohcelos@gmail.com","8599266494","2","Bus 1","2026-08-21 21:24:18","Paulo Henrique Estevão de Vasconcelos (paulohcelos@gmail.com); Anne Kariny Silva Freitas (karinyfreitas.1994@gmail.com)"
"William Pereira de Paula","williampereiradepaula@gmail.com","67998911106","2","Bus 1","2026-08-22 14:37:55","William Pereira de Paula (williampereiradepaula@gmail.com); Roberta Mochi de Miranda (robertamochi@gmail.com)"
"Magali Machado de Almeida","magahmachcel@gmail.com","11916216287","2","Bus 1","2026-08-22 14:48:20","Magali Machado de Almeida (magahmachcel@gmail.com); Roselene Mariane de Medeiros (rmarianesantos@gmail.com)"
"Viviane Ruffini","viviruffini@gmail.com","41999414569","2","Bus 1","2026-08-22 23:36:37","Viviane Ruffini (viviruffini@gmail.com); Marcelo Gonçalves Franco (marcelogfo3001@gmail.com)"
"Lucas Raphael Dias Rosa","1lucraph1@gmail.com","15996917557","2","Bus 1","2026-08-23 18:39:06","Lucas Raphael Dias Rosa (1lucraph1@gmail.com); Aline Cristina Krauss Alves Lima (alinecristinakrauss@gmail.com)"
"Tatianny de Paulo","tatyomolji@gmail.com","11941459574","1","Bus 1","2026-08-24 00:47:44","Tatianny de Paulo (tatyomolji@gmail.com)"
"Monique de Santana Caruso","umamoniquecaruso@gmail.com","11991909288","2","Bus 1","2026-08-24 13:29:52","Monique de Santana Caruso (umamoniquecaruso@gmail.com); Felipe Fernandes Leite (umfelipefernandesleite@gmail.com)"
"Thiago Regis","thiagoregisfotografia@gmaill.com","11975012866","1","Bus 1","","Thiago Regis (thiagoregisfotografia@gmaill.com)"
"Karen Regis","karensferreira2013@gmail.com","11996847615","1","Bus 1","","Karen Regis (karensferreira2013@gmail.com)"
"Alessandro Teixeira Chaves","","","1","Bus 1","","Alessandro Teixeira Chaves"
"Felipe Rosa Carrara Tavares","","","1","Bus 1","","Felipe Rosa Carrara Tavares"
"Victor Fernandes Gazal","","","1","Bus 1","","Victor Fernandes Gazal"
"Matheus Carbonel Maiolo","","","1","Bus 1","","Matheus Carbonel Maiolo"
"Encounter 2","","","1","Bus 1","","Encounter 2"
"Encounter 1","","","1","Bus 1","","Encounter 1"
"Kathleen Santos Ferreira","fkathleen801@gmail.com","11940259872","3","Bus 1","2026-08-24 14:28:05","Kathleen Santos Ferreira (fkathleen801@gmail.com); Benedito Adão Ferreira (beneditoadaoferreira@gmail.com); Elisa Santos da Silva (lisanss2000@gmail.com)"
"Raquel Bora Jogar","","","1","Bus 1","","Raquel Bora Jogar"
"Paulin Bora Jogar","","","1","Bus 1","","Paulin Bora Jogar"
"Maria Angela Calazans Bussoloti","maranja.bussoloti@gmail.com","11992050856","3","Bus 2","2026-08-24 15:25:21","Maria Angela Calazans Bussoloti (maranja.bussoloti@gmail.com); Pedro Bussoloti Monarcha (maranja.bussoloti@gmail.com); Julia Janczur Veloso (maranja.bussoloti@gmail.com)"
"Álvaro Affonso Dantas de Carvalho","alvaroaffonsodc@gmail.com","11960288777","3","Bus 2","2026-08-27 15:57:51","Álvaro Affonso Dantas de Carvalho (alvaroaffonsodc@gmail.com); Maria de Fátima Dantas de Carvalho (mfatimadcarva@gmail.com); Marília Dantas de Carvalho"
"Lucas Cardoso Medeiros","lucascmedeiros25@gmail.com","31983911704","2","Bus 2","2026-08-27 19:35:28","Lucas Cardoso Medeiros (lucascmedeiros25@gmail.com); Leticia Rocha Medeiros"
"Vagner Jose de Lira","vjlira@gmail.com","41999831129","4","Bus 2","2026-08-28 14:08:37","Vagner Jose de Lira (vjlira@gmail.com); Alessandra Moraes de Lira; Valentina Moraes de Lira; Micaela Moraes de Lira"
"Andressa Caroline Roque Gomide","dessa_cmbh383@hotmail.com","31973571114","2","Bus 2","2026-08-29 11:48:59","Andressa Caroline Roque Gomide (dessa_cmbh383@hotmail.com); Eduardo Carlos Gomide; Cicero Gomide Braziolli"