name,email,phone
VANIELI ANDUIA,vanieli.anduia@gmail.com,+55 11 99757-3071
KAREN REGIS,nerdkriativa@gmail.com,+55 11 99684-7615
THIAGO REGIS,thiagoregisfotografia@gmail.com,+55 11 97501-2866
JOSE PEDRO NASCIMENTO,josepedronascimento54@gmail.com,+55 11 95965-9941
EDUARDO CARLOS GOMIDE,eduardogomide7@gmail.com,+55 31 99614-1200
BRUNO AVELAR,b.silveira.avelar@gmail.com,+55 31 99723-5391
MAURICIO COSTA JR,diretoria@facilcard.com.br,+55 11 99488-1032
VINICIUS MATA,viniciuskmata@gmail.com,+55 11 99683-9928
THATIANA SILVA,thatiana.vilela@gmail.com,+55 11 97746-3747
MAYARA DIACIUNAS,mdiaciunas@gmail.com,+55 11 95873-4660
ALEXANDRE KOCH,alexandreolkoch@hotmail.com,+55 96 98129-4377
ANA LUCIA BELON,alabelon10@gmail.com,+55 11 99525-8328
ANDREZA LIMA,andrezalook@gmail.com,+55 61 98160-2681
LILIAN KELIAN,lilielili@gmail.com,+55 11 98194-6359
NATHAN SILVA,ntn.nathan.ntn@gmail.com,+55 11 94397-9758
VINICIUS MACEDO,vnmacedo@gmail.com,+55 11 98581-1423
VITORIA REIS SOUZA,allineline2010@hotmail.com,+55 13 99104-4658
PAULO REZENDE,paulorezende@gmail.com,+55 61 99614-4855
PLINIO SA,pliniogomessa@gmail.com,+55 81 99615-4504
GUSTAVO SHWARTZ,gustavo@schwartz.blog.br,+55 21 99530-4054
LUCIANO GOMES,gomes.dm@gmail.com,+55 62 99922-3239
RAQUEL XAVIER DE OLIVEIRA CRUZ,raquel.xocruz@gmail.com,+55 11 99883-0091
DAVID XAVIER,xavier.jaros1905@gmail.com,+55 49 98433-5339
ELOAH BLANCO,eloahtasso@yahoo.com.br,+55 11 97604-9264
MIRIAM BARBOSA,mmaschiobarbosa@gmail.com,+55 13 99175-4323
JAQUELINE ALVES,jaquelinegfalves@outlook.com,+55 13 99175-4323
MARCELA SCARPATO,marcela7288@gmail.com,+55 19 99110-7288
DANIELA AMARAL,daniama@hotmail.com,+55 11 97306-4641
THIAGO BRAGA,thiagoalbini@gmail.com,+55 11 98251-6283
ANDRE AVELAR,angrypro@gmail.com,+55 31 98843-1206
JOSE RENATO,jrbraga@mandic.com.br,+55 11 99626-7055
JULIANA CORREA,julianahannad@gmail.com,+55 61 98229-5460
FABIO RIBEIRO,fabio.lima.ry@gmail.com,+55 19 99833-4233
ANDIARA REGI,andiararegi@remax.com.br,+55 19 98817-3796
FELIPE LAVOURA,felipe.lavoura@gmail.com,+55 19 98134-1624
RAIMUNDA SOUZA,welmaabadia@gmail.com,+55 61 99240-2260
REVERTON CALAZAM DE SOUZA,lobarios38@gmail.com,+55 11 98655-7471
ADRIANE SILVA,adrianefer@gmail.com,+55 43 99868-8879
JEAN PERES,jean.rrp@gmail.com,+55 11 99152-0391
CAMILA MARIN,camilacmarin@uol.com.br,+55 11 94163-8119
SÉRGIO BRAZIOLLI,migrescvo@hotmail.com,+55 31 99386-8689
EVELINE OLIVEIRA,eveline.oliveira13@gmail.com,+55 45 99815-8895
GABRIELA CARVALHO,baccarinigabriella@gmail.com,+55 37 99133-7601
VINICIUS MORENO,lmvinicius.m@gmail.com,+55 67 99298-4448
PAULO OLIVEIRA,paulorgonzaga@yahoo.com.br,+55 41 98746-5526
MARIANA BORGES,b.maricampelo@gmail.com,+55 61 99240-2260
ARTHUR SHIDA,shida93@gmail.com,+55 11 97043-8212
DANILO FERNANDES,danilo.fernands@gmail.com,+55 11 94972-4834
ALESSANDRO PAIVA,ale_paiva@hotmail.com,+55 11 99280-2088
DANIELLE BOUCAS,danielle.boucas@gmail.com,+55 31 99430-3152
DEBORAH MOSCHELA,dd.moschella@gmail.com,+55 11 94941-0169
PAULO BARBAR,paulobarbar@hotmail.com,+55 54 99600-1906
ANDRESSA PASSOS,dessa.silia@gmail.com,+55 11 95043-4373
MELISSA SOUZA,mellpsousa@gmail.com,+55 11 93002-1203
MAURO BERTAZO,mauromaquibert@gmail.com,+55 11 98105-8790
LAZARO FERREIRA,lazarodomingos@hotmail.com,+55 13 99750-0888
AMANDA CAMPOS,amandacampuss@hotmail.com,+55 21 97143-1053
DAIANE OLTROMARI,daianeoltramari@gmail.com,+55 11 91372-6889
BARBARA FERNANDES,babi.mfernandes@hotmail.com,+55 11 94972-4834
CARLA ANAUATE,carla.anauate1@gmail.com,+55 11 99320-2632
THIAGO GAMBA,thiagotrevo@gmail.com,+55 11 99653-3751
JULIANA SCAGLIONI,juliana.dcstr@gmail.com,+55 11 98218-3964
GEORGIA AMARAL,georgia.amaral6@gmail.com,+55 11 97221-1566
RAYANE VIANA,rayanebviana@hotmail.com,+55 21 98605-0567
GUSTAVO ALVES,gust_santoni@hotmail.com,+55 11 98594-0255
ANA URLAS,anapaulaurlass@gmail.com,+55 11 95382-6614
MAURICIO DUARTE,mcartecoss@gmail.com,+55 11 99984-0345
ANTONIO GIORDANO,antoh.giordano@gmail.com,+55 11 99277-8930
SELMA SOUZA,perfeito.gabriela@hotmail.com,+55 61 99824-3577
LUCAS RAPHAEL DIAS ROSA,lucas.raphael.11@hotmail.com,+55 15 99691-7557
VINICIUS BOTELHO,vinibotelho@hotmail.com,+55 11 98662-8020
CASSIO LIMA DO NASCIMENTO,cassiolima.n@gmail.com,+55 11 94255-4141
SILVANA PERES,sbrperez85@gmail.com,+55 11 96749-9539
FELIPE INTASQUI,intasqui@gmail.com,+55 11 96542-8295
MAYCON PEREIRA,maycongp@gmail.com,+55 41 99659-7808
RODNEI NASCIMENTO,rodnei.2012@gmail.com,+55 11 98417-6632
LARISSA FIGUERERO,contato@larissazeggio.com,+55 48 98476-7655
